{"Courtney Act": {"wf": 0.3046851196475027, "mf": 0.3124975586128233, "nbf": 0.17187365723705283, "cisf": 0.0, "tf": 0.21093585206365575}, "Aja": {"wf": 0.0, "mf": 0.0, "nbf": 0.0, "cisf": 0.0, "tf": 0.0}, "Travis Alabanza": {"wf": 0.0714272959411439, "mf": 0.017856823985285975, "nbf": 0.6785593114408671, "cisf": 0.0, "tf": 0.23213871180871767}, "Kaitlyn Alexander": {"wf": 0.0, "mf": 0.0, "nbf": 0.9999615399407714, "cisf": 0.0, "tf": 0.0}, "Qween Amor": {"wf": 0.19996000799840033, "mf": 0.19996000799840033, "nbf": 0.599880023995201, "cisf": 0.0, "tf": 0.0}, "Ruth Baldacchino": {"wf": 0.07691716021844473, "mf": 0.0, "nbf": 0.6153372817475579, "cisf": 0.0, "tf": 0.30766864087377893}, "Meg-John Barker": {"wf": 0.0, "mf": 0.0, "nbf": 0.8823269903826358, "cisf": 0.0, "tf": 0.11764359871768479}, "Thomas Baty": {"wf": 0.05797017434529934, "mf": 0.8260749844205156, "nbf": 0.02898508717264967, "cisf": 0.0, "tf": 0.08695526151794901}, "Mal Blum": {"wf": 0.07407133069145588, "mf": 0.07407133069145588, "nbf": 0.8147846376060147, "cisf": 0.0, "tf": 0.03703566534572794}, "Justin Vivian Bond": {"wf": 0.13636208679446823, "mf": 0.27272417358893647, "nbf": 0.4999943182463835, "cisf": 0.0, "tf": 0.09090805786297883}, "Kate Bornstein": {"wf": 0.4467990042765047, "mf": 0.19148528754707345, "nbf": 0.2765898597902172, "cisf": 0.0, "tf": 0.08510457224314376}, "Pandora Boxx": {"wf": 0.6486311180778899, "mf": 0.027026296586578742, "nbf": 0.054052593173157484, "cisf": 0.0, "tf": 0.2702629658657874}, "Rhea Butcher": {"wf": 0.29628532276582353, "mf": 0.0, "nbf": 0.666641976223103, "cisf": 0.0, "tf": 0.03703566534572794}, "Judith Butler": {"wf": 0.1767946033447329, "mf": 0.08839730167236645, "nbf": 0.7127032447334545, "cisf": 0.0, "tf": 0.022099325418091613}, "Nicky Case": {"wf": 0.0, "mf": 0.0, "nbf": 0.9995002498750625, "cisf": 0.0, "tf": 0.0}, "Cassils": {"wf": 0.0, "mf": 0.0, "nbf": 0.0, "cisf": 0.0, "tf": 0.0}, "Violet Chachki": {"wf": 0.058821799358842394, "mf": 0.11764359871768479, "nbf": 0.7352724919855299, "cisf": 0.0, "tf": 0.08823269903826358}, "Shea Coule\u00e9": {"wf": 0.3207516910217828, "mf": 0.009433873265346553, "nbf": 0.5754662691861397, "cisf": 0.0, "tf": 0.09433873265346553}, "Miley Cyrus": {"wf": 0.8274493579424355, "mf": 0.04705873125738969, "nbf": 0.10980370626724262, "cisf": 0.0, "tf": 0.01568624375246323}, "Adore Delano": {"wf": 0.4285510213799343, "mf": 0.28570068091995615, "nbf": 0.28570068091995615, "cisf": 0.0, "tf": 0.0}, "Cara Delevingne": {"wf": 0.8241164617263229, "mf": 0.060301204516560215, "nbf": 0.08040160602208028, "cisf": 0.0, "tf": 0.035175702634660126}, "Asia Kate Dillon": {"wf": 0.019607458677280837, "mf": 0.0, "nbf": 0.9803729338640419, "cisf": 0.0, "tf": 0.0}, "Tommy Dorfman": {"wf": 0.0, "mf": 0.14283673760891302, "nbf": 0.8570204256534781, "cisf": 0.0, "tf": 0.0}, "Rain Dove": {"wf": 0.23076479298475028, "mf": 0.1730735947385627, "nbf": 0.5961423818772715, "cisf": 0.0, "tf": 0.0}, "Dorian Electra": {"wf": 0.13043194713158407, "mf": 0.36955718353948824, "nbf": 0.4999891306710723, "cisf": 0.0, "tf": 0.0}, "Laganja Estranja": {"wf": 0.5882237603184252, "mf": 0.0, "nbf": 0.1960745867728084, "cisf": 0.0, "tf": 0.21568204545008923}, "Miss Fame": {"wf": 0.5555349801859191, "mf": 0.03703566534572794, "nbf": 0.3333209881115515, "cisf": 0.0, "tf": 0.07407133069145588}, "Florian-Ayala Fauna": {"wf": 0.574985625359366, "mf": 0.09999750006249844, "nbf": 0.27499312517187074, "cisf": 0.0, "tf": 0.04999875003124922}, "Tyler Ford": {"wf": 0.08571183680466271, "mf": 0.057141224536441805, "nbf": 0.6571240821690808, "cisf": 0.0, "tf": 0.19999428587754634}, "Sarah Gailey": {"wf": 0.35292041644609146, "mf": 0.0, "nbf": 0.647020763484501, "cisf": 0.0, "tf": 0.0}, "Melanie Gillman": {"wf": 0.0, "mf": 0.0, "nbf": 0.9374414099118804, "cisf": 0.0, "tf": 0.06249609399412536}, "Grimes": {"wf": 0.0, "mf": 0.0, "nbf": 0.0, "cisf": 0.0, "tf": 0.0}, "Angel Haze": {"wf": 0.6197095815551893, "mf": 0.08450585203025308, "nbf": 0.28168617343417696, "cisf": 0.0, "tf": 0.014084308671708849}, "Johanna Hedva": {"wf": 0.5454297531930368, "mf": 0.04545247943275306, "nbf": 0.4090723148947776, "cisf": 0.0, "tf": 0.0}, "Liv Hewson": {"wf": 0.0, "mf": 0.0, "nbf": 0.9999230828397815, "cisf": 0.0, "tf": 0.0}, "Lann Hornscheidt": {"wf": 0.24993751562109476, "mf": 0.24993751562109476, "nbf": 0.4998750312421895, "cisf": 0.0, "tf": 0.0}, "Jana Hunter": {"wf": 0.15383432043688947, "mf": 0.0, "nbf": 0.7691716021844472, "cisf": 0.0, "tf": 0.07691716021844473}, "Eddie Izzard": {"wf": 0.03940867286368047, "mf": 0.7635430367338092, "nbf": 0.083743429835321, "cisf": 0.0, "tf": 0.11329993448308136}, "Andre J.": {"wf": 0.10526038788452934, "mf": 0.05263019394226467, "nbf": 0.7631378121628377, "cisf": 0.0, "tf": 0.07894529091339701}, "Jesse James Keitel": {"wf": 0.0, "mf": 0.0, "nbf": 0.9999166736105324, "cisf": 0.0, "tf": 0.0}, "Janae Kroc": {"wf": 0.4285678271611163, "mf": 0.2352921404021815, "nbf": 0.09243619801514273, "cisf": 0.0, "tf": 0.24369543113083084}, "Jiz Lee": {"wf": 0.09008927847496868, "mf": 0.00900892784749687, "nbf": 0.8017945784272213, "cisf": 0.0, "tf": 0.09909820632246556}, "CN Lester": {"wf": 0.07692110458706188, "mf": 0.12820184097843645, "nbf": 0.6666495730878695, "cisf": 0.0, "tf": 0.12820184097843645}, "Brigette Lundy-Paine": {"wf": 0.08332638946754438, "mf": 0.08332638946754438, "nbf": 0.8332638946754437, "cisf": 0.0, "tf": 0.0}, "Alex MacFarlane": {"wf": 0.39992001599680066, "mf": 0.39992001599680066, "nbf": 0.19996000799840033, "cisf": 0.0, "tf": 0.0}, "Gopi Shankar Madurai": {"wf": 0.18366972102610152, "mf": 0.06122324034203384, "nbf": 0.28570845492949126, "cisf": 0.020407746780677947, "tf": 0.4489704291749148}, "Kelly Mantle": {"wf": 0.5624648459471283, "mf": 0.06249609399412536, "nbf": 0.0, "cisf": 0.0, "tf": 0.37497656396475215}, "Jeffrey Marsh": {"wf": 0.0, "mf": 0.06896313920209649, "nbf": 0.862039240026206, "cisf": 0.0, "tf": 0.06896313920209649}, "Rose McGowan": {"wf": 0.6711681478912257, "mf": 0.18468385277543795, "nbf": 0.09909865270877158, "cisf": 0.0, "tf": 0.04504484214035072}, "Bethany C. Meyers": {"wf": 0.02631509697113234, "mf": 0.05263019394226468, "nbf": 0.9210283939896319, "cisf": 0.0, "tf": 0.0}, "Ezra Miller": {"wf": 0.05882179935884238, "mf": 0.17646539807652714, "nbf": 0.7646833916649509, "cisf": 0.0, "tf": 0.0}, "sj Miller": {"wf": 0.07691716021844473, "mf": 0.07691716021844473, "nbf": 0.4615029613106684, "cisf": 0.0, "tf": 0.3845858010922237}, "Jack Monroe": {"wf": 0.746468359600569, "mf": 0.08450585203025308, "nbf": 0.09859016070196194, "cisf": 0.014084308671708849, "tf": 0.056337234686835394}, "Jinkx Monsoon": {"wf": 0.057691198246187576, "mf": 0.2307647929847503, "nbf": 0.7115247783696468, "cisf": 0.0, "tf": 0.0}, "Indya Moore": {"wf": 0.20967403751552396, "mf": 0.032257544233157534, "nbf": 0.4677343913807842, "cisf": 0.032257544233157534, "tf": 0.2580603538652603}, "Richard O'Brien": {"wf": 0.06862677816884148, "mf": 0.7450907344045646, "nbf": 0.0980382545269164, "cisf": 0.0, "tf": 0.08823442907422475}, "Eureka O'Hara": {"wf": 0.24999375015624606, "mf": 0.09999750006249843, "nbf": 0.3499912502187445, "cisf": 0.0, "tf": 0.2999925001874953}, "Pidgeon Pagonis": {"wf": 0.024999375015624607, "mf": 0.0, "nbf": 0.9749756256093597, "cisf": 0.0, "tf": 0.0}, "A. W. Peet": {"wf": 0.0, "mf": 0.0, "nbf": 0.8331944675887353, "cisf": 0.0, "tf": 0.16663889351774705}, "Planningtorock": {"wf": 0.1304291117777488, "mf": 0.08695274118516585, "nbf": 0.7825746706664927, "cisf": 0.0, "tf": 0.0}, "Chris Pureka": {"wf": 0.09677107190090643, "mf": 0.0, "nbf": 0.9031966710751267, "cisf": 0.0, "tf": 0.0}, "Bob the Drag Queen": {"wf": 0.14666471113718482, "mf": 0.4666604445274063, "nbf": 0.15999786669511074, "cisf": 0.0, "tf": 0.2266636444847402}, "L.J. Roberts": {"wf": 0.0, "mf": 0.0, "nbf": 0.9999782613421446, "cisf": 0.0, "tf": 0.0}, "Megan Rohrer": {"wf": 0.06666444451851605, "mf": 0.033332222259258026, "nbf": 0.36665444485183823, "cisf": 0.0,